Name	Start	Duration	Time Format	Type	Description
NTS178 ÷ MIXTAPE#2 Intro	0:00.000	0:00.000	decimal	Cue	https://www.youtube.com/watch?v=XCPj4JPbKtA
bit.depth ÷ Regenbeat	0:29.636	0:00.000	decimal	Cue	https://soundcloud.com/bit-depth
Ramadanman ÷ Blimey	3:00.970	0:00.000	decimal	Cue	https://www.youtube.com/watch?v=cyq_U4eGbtw
TTC ÷ Ebisu Rendez-vous	7:23.545	0:00.000	decimal	Cue	https://itunes.apple.com/album/ebisu-rendez-voous/id284862320?i=284862350
Girl Talk ÷ Once Again	10:15.645	0:00.000	decimal	Cue	https://itunes.apple.com/album/night-ripper/id1051363212?i=1051363234
Eclectic Method ÷ The Colbert Report Remix feat Lawrence Lessig 	12:02.424	0:00.000	decimal	Cue	https://www.youtube.com/watch?v=CvvhDngERXo
Eclectic Method ÷ Colbert Report RE REMIX	12:56.567	0:00.000	decimal	Cue	https://www.youtube.com/watch?v=125D2DTMyGg
M.I.A. & Diplo ÷ Baile Funk One	14:17.077	0:00.000	decimal	Cue	https://en.wikipedia.org/wiki/Piracy_Funds_Terrorism
Diplo & Dillon Francis ÷ Que Que feat. Maluca (Torro Torro Remix)	16:02.823	0:00.000	decimal	Cue	https://soundcloud.com/maddecent/dillon-francis-diplo-que-que
Modeselektor ÷ My Mosque Is My Cathedral	19:06.336	0:00.000	decimal	Cue	https://www.discogs.com/Modeselektor-Labland/release/452745
EINS78 ÷ justin-technology (Lost in Mundsburg Extended Remix)	21:29.910	0:00.000	decimal	Cue	
The Bug ÷ Poison Dart (feat. Warrior Queen)	27:50.791	0:00.000	decimal	Cue	https://www.youtube.com/watch?v=-aW7NFSGklM
Jamie Woon ÷ Night Air (Ramadanman Refix)	32:42.100	0:00.000	decimal	Cue	https://www.youtube.com/watch?v=Q2jW6GnseoE
GNOME CHOMPSKI ÷ HOWARD BEALE vs EVIL NINE - Crooked (BASSBIN TWINS REMIX) (Re-Edit)	35:40.078	0:00.000	decimal	Cue	https://soundcloud.com/gnomechompski/crooked-bassbin-twin-remix-gnome-chompski-re-edit-evil-nine
The Lonely Island ÷ The Creep (feat. Nicki Minaj and John Waters)	41:50.650	0:00.000	decimal	Cue	https://www.youtube.com/watch?v=tLPZmPaHme0
Hot City ÷ DreCityHot	44:21.753	0:00.000	decimal	Cue	https://soundcloud.com/dre-city/drecityhot
Evil Nine ÷ All The Cash feat. EL-P (Glitch Mob Remix)	47:49.825	0:00.000	decimal	Cue	https://soundcloud.com/boreta/evil9-feat-el-p-all-the-cash-the-glitch-mob-remix
M.I.A. ÷ LL Cool J/Cavemen – Two Bit Rhythm (M.I.A. Mix)	51:13.371	0:00.000	decimal	Cue	https://en.wikipedia.org/wiki/Piracy_Funds_Terrorism
Frank Zappa ÷ Remington Electric Razor feat. Linda Ronstadt	53:35.154	0:00.000	decimal	Cue	http://wiki.killuglyradio.com/wiki/Remington_Electric_Razor
Lady Sovereign ÷ Student Union	54:25.277	0:00.000	decimal	Cue	https://itunes.apple.com/au/album/jigsaw/id307363784?i=307363876
Saalschutz ÷ Leererer, Inhaltsloserer Ausdruck feat. Stina Galaxina	57:28.365	0:00.000	decimal	Cue	https://itunes.apple.com/album/leererer-inhaltsloserer-ausdruck-feat-stina-galaxina/id766580806?i=766580833
Paul Kalkbrenner ÷ Sky And Sand (feat. Fritz Kalkbrenner)	1:01:30.200	0:00.000	decimal	Cue	https://soundcloud.com/paulkalkbrenner/paul-kalkbrenner-sky-and
Strangelets ÷ Riot On Planet 10	1:05:01.927	0:00.000	decimal	Cue	https://itunes.apple.com/album/riot-on-planet-10/id288700986?i=288701006
EINS78 ÷ Feux vs. A.D.O.R - Renegade Hero (EINS78 Mashup)	1:08:24.934	0:00.000	decimal	Cue	
Audiofly ÷ 6 Degrees feat. Fiora Cutler	1:11:56.242	0:00.000	decimal	Cue	https://itunes.apple.com/album/6-degrees/id450597577?i=450597610
Audiofly ÷ 6 Degrees feat. Fiora (Booka Shade Remix)	1:16:05.951	0:00.000	decimal	Cue	https://itunes.apple.com/album/6-degrees-booka-shade-remix/id450597577?i=450597589
Just Jack ÷ Writer's Block	1:20:19.094	0:00.000	decimal	Cue	https://itunes.apple.com/album/writers-block/id262237311?i=262237322
Moynilectric ÷ Shriekback - Lined Up (Moynilectric Remix)	1:23:36.169	0:00.000	decimal	Cue	https://soundcloud.com/moynilectric/shriekback-lined-up-moynilectric-remix
EINS78 ÷ Loco Green vs. Dr. Dre, Snoop Dogg, Nate Dogg - My Next Epidaurus (EINS78 Mashup)	1:29:44.790	0:00.000	decimal	Cue	
DJ Yoda ÷ Duelling Banjos	1:32:25.178	0:00.000	decimal	Cue	https://itunes.apple.com/album/duellin-banjos/id1140689053?i=1140689107
Cypress Hill ÷ Siempre Peligroso feat. Fermín IV Caballero de Control Machete	1:33:53.794	0:00.000	decimal	Cue	https://itunes.apple.com/album/siempre-peligroso-feat-fermin-iv-caballero-feat-fermin/id267544883?i=267546764
Dr. Dre ÷ Nuthin' But A "G" Thang feat. Snoop Dogg	1:37:54.126	0:00.000	decimal	Cue	https://itunes.apple.com/album/nuthin-but-a-g-thang-feat-snoop-dogg/id6654037?i=6654013
TTC ÷ Catalogue	1:41:49.159	0:00.000	decimal	Cue	https://itunes.apple.com/album/catalogue/id416305903?i=416305908
Sean Paul ÷ We Be Burnin' (Legalize It Club Version)	1:44:24.272	0:00.000	decimal	Cue	https://www.discogs.com/Sean-Paul-We-Be-Burnin/release/2665602
Sean Paul ÷ Temperature	1:45:14.507	0:00.000	decimal	Cue	https://itunes.apple.com/album/temperature/id261648822?i=261648942
Original Techno ÷ Sean Paul - Temperature (Original Techno Electro Remix)	1:45:30.500	0:00.000	decimal	Cue	https://www.youtube.com/watch?v=HelB6A3Tw3k
Balkan Beat Box ÷ Hermetico (Dub Gabriel/Kush Arora Remix)	1:47:00.949	0:00.000	decimal	Cue	https://soundcloud.com/destroy-all-concepts/balkan-beat-box-hermetico-dub-gabriel-kush-arora-remix
Crookers present Dr Gonzo ÷ Bust 'Em Up (French Fries Remix)	1:51:52.502	0:00.000	decimal	Cue	https://soundcloud.com/annie-mac-presents/crookers-present-dr-gonzo-bust
Warrior One ÷ Bad Like Jimmy Cliff VIP (featuring J2K, Lady Chann, Serocee, Rubi Dan)	1:56:18.270	0:00.000	decimal	Cue	https://soundcloud.com/warrior-one/badlikejimmycliffvip
Torpedo Boyz ÷ Ich Bin Ausländer (Leider Zum Glück)	1:59:22.881	0:00.000	decimal	Cue	https://www.youtube.com/watch?v=lLpxatSPQ1A
SebastiAn ÷ Ross Ross Ross	2:04:19.147	0:00.000	decimal	Cue	https://www.youtube.com/watch?v=tMwbHf_S9jY
Adam Freeland ÷ Heel & Toe feat. Juice Aleem & Toastie (Evil Nine Remix)	2:07:28.250	0:00.000	decimal	Cue	https://itunes.apple.com/us/album/heel-n-toe-ep/id483360895?i=483360897
Bonde do Vinho, Bonde do Tigrão & Os Carrascos ÷ Três Tenores﻿	2:14:30.378	0:00.000	decimal	Cue	https://www.youtube.com/watch?v=czOucweY8nE
DJ Sany Pitbull ÷ (Live Performance from "RIP: A Remix Manifesto" Movie)	2:18:07.456	0:00.000	decimal	Cue	http://www.eyesteelfilm.com/rip/credits/
Zeds Dead ÷ Out For Blood (feat. Omar Linx)	2:19:19.355	0:00.000	decimal	Cue	https://soundcloud.com/zedsdead/zeds-dead-omar-linx-out-for-blood
N.W.A ÷ Fuck tha Police	2:23:47.698	0:00.000	decimal	Cue	https://itunes.apple.com/de/album/f-k-tha-police/id1002191930
Joneses ÷ November 12 (Sneaker Pimps Vs. Kanye West Vs. Gorillaz)	2:28:50.302	0:00.000	decimal	Cue	https://soundcloud.com/joneses
Doshy ÷ Loud Celebration (Ratatat vs. Ghostface Dosh-Remix)	2:31:12.000	0:00.000	decimal	Cue	https://soundcloud.com/doshy-1/loud-celebration-ratatat-vs
Duptribe ÷ Would U (When I Speak) (DJ Friction Remix)	2:34:41.297	0:00.000	decimal	Cue	https://www.discogs.com/Duptribe-The-3rd-Creation-Part-2/release/552272
Nixs Niva ÷ Bang Bang	2:40:12.336	0:00.000	decimal	Cue	https://myspace.com/nixsniva
The Lonely Island ÷ Dick in a Box (feat. Justin Timberlake)	2:45:49.620	0:00.000	decimal	Cue	http://www.thelonelyisland.com/discography/incredibad/
JFB ÷ Licence To Wobble	2:48:27.817	0:00.000	decimal	Cue	https://soundcloud.com/jfbdj/jfb-licence-to-wobble
EINS78 ÷ Joker vs. Kool Savas, Eko Fresh - Slaughter House/Keiner Ausser Uns (EINS78 Mashup)	2:52:33.945	0:00.000	decimal	Cue	
Magnetic Man ÷ I Need Air feat. Angela Hunte	2:55:29.150	0:00.000	decimal	Cue	http://www.magneticman.net/gb/music/releases/singles-eps/i_need_air/
Benga ÷ Smack Your Bitch Up	2:58:33.959	0:00.000	decimal	Cue	https://www.youtube.com/watch?v=o2aXxrbIeFI
Middle Eastern Terrorist ÷ Exams 2011 :s	3:01:24.054	0:00.000	decimal	Cue	https://soundcloud.com/m-e-t/exams-2011-s
Paul Kalkbrenner ÷ Kleines Bubu	3:16:59.375	0:00.000	decimal	Cue	http://paulkalkbrenner.net/music/icke-wieder/
Walter Jones ÷ Deuteronomy Brown (I-f edit)	3:21:19.810	0:00.000	decimal	Cue	http://www.kompakt.fm/releases/deuteronomy_brown_i_f_mogg_neudascher_mixes
Skream ÷ Jukebox	3:27:32.020	0:00.000	decimal	Cue	https://soundcloud.com/annie-mac-presents/skream-jukebox/
Mojo ft. DJ Clutch ÷ Eminem vs Evil Nine - Superman (Clutch & Mojo's margerine mix)	3:30:57.779	0:00.000	decimal	Cue	https://soundcloud.com/mojos-music/eminem-vs-evil-nine-superman-clutch-mojos-margerine-mix-1
B. Dolan ÷ Economy of Words (Bail Me Out) (Evil Nine Remix)	3:34:52.488	0:00.000	decimal	Cue	https://soundcloud.com/b-dolan/economy-of-words-bail-me-out-evil-nine-remix
Redlight ÷ What You Talking About!? feat. Ms Dynamite	3:37:52.169	0:00.000	decimal	Cue	https://www.youtube.com/watch?v=N3piv9EFZU8
KUSH ÷ Daft Punk - DEREZZED (Kush Remix)	3:39:48.284	0:00.000	decimal	Cue	https://soundcloud.com/kush/daftpunk-derezzed-kushremix
Freeform Five ÷ Electromagnetic (Evil Nine Broadway Dub)	3:43:07.261	0:00.000	decimal	Cue	https://www.discogs.com/Freeform-Five-Electromagnetic-Part-1/release/477743
TTC ÷ Dans Le Club	3:47:05.189	0:00.000	decimal	Cue	https://itunes.apple.com/us/album/batards-sensibles/id416305903
Neon Neon ÷ Trick For Treat Trick For Treat (feat. Spank Rock & Har Mar Superstar) (Hot Chip Remix)	3:50:25.500	0:00.000	decimal	Cue	https://itunes.apple.com/us/album/trick-for-treat-feat-spank-rock-har-mar-superstar-hot/id813302897?i=813302917
Benga ÷ United Kingdom	3:52:45.079	0:00.000	decimal	Cue	https://soundcloud.com/annie-mac-presents/benga-united-kingdom
Piral vs. bit.depth ÷ spinning poster pillar	3:57:09.767	0:00.000	decimal	Cue	
Dopplereffekt ÷ Speak & Spell	3:58:23.738	0:00.000	decimal	Cue	https://www.discogs.com/Dopplereffekt-Infophysix/release/23278
Pearson Sound ÷ Blanked	4:02:18.560	0:00.000	decimal	Cue	http://music.pearsonsound.com/album/blanked
Fünf Sterne Deluxe ÷ Nirvana	4:07:13.314	0:00.000	decimal	Cue	https://itunes.apple.com/us/album/nirvana/id891308083?i=891308182
